{
    "LinearRegression": {
        "R2_mean": -0.793122016049619,
        "R2_std": 1.837216046070794
    },
    "Ridge": {
        "R2_mean": -0.7767305173966255,
        "R2_std": 1.8316374849513584
    },
    "Lasso": {
        "R2_mean": -0.24556012287452994,
        "R2_std": 0.7782097030680138
    },
    "DecisionTree": {
        "R2_mean": 0.43157645014585355,
        "R2_std": 0.22090726655344078
    },
    "RandomForest": {
        "R2_mean": 0.5320506085416462,
        "R2_std": 0.2993195451711995
    },
    "GradientBoosting": {
        "R2_mean": 0.2720289988317264,
        "R2_std": 0.8597364821703337
    },
    "SVR": {
        "R2_mean": -1.2250473315999362,
        "R2_std": 1.642390156704712
    }
}